axe_id,task_id,collection,comments,date-rec,find-date,find-place,labels,material,ngr,number,condition,areablad,areablal,areablar,areabody,areapoll,blacon,bladang,blaedwid,blaleng,blasin,blathick,blawid,bothick,corbaby,corbapl,corfroby,corfropl,edcon,edsin,gribabl,gribaby,gribapl,grifrobl,grifroby,grifropl,grinside,gripoled,lefedwid,lefthick,lengmaxt,lengmaxw,longside,lonpoled,maxleng,maxthick,maxwid,polbabl,polbaby,polbapl,poledwid,poleng,polfrobl,polfroby,polfropl,polthick,polwid,rebabl,rebaby,rebapl,refrobl,refroby,refropl,ritedwid,rithick,topthick,weight
10006,96165,Salisbury Museum,"1. burnt
2. drilled
3. Found by labourer moving earth.",8.11.77,1908,Hurdcott House,HURDCOTT 797 1030,flint,,10006,complete,4,2,2,33,0.5,0,85,0,12,1,13,44,10,0,0,0,0,0,6,4,8,0,4,6.5,0,45,0,0,13,37,12,90,15,111,19,44,0,0,0,0,4,0,0,0,6,17,0,0,0,0,0,0,0.5,13,9,90
10008,96167,Wells Museum,I.CORBABL: 0.25,11.10.77,,"Thornholme Moor, Yorks","THORNHOLM MOOR
14 71",flint,,10008,complete,2.5,1.25,1.25,30.5,0.5,2,90,0,9,0,12,39,7,5,0,1.5,0,0,2,1.5,0,0,1.75,2,0,0,0,1.5,12,32,43,85,15,96,18,43,0,0,0,9,5,0,0,0,11,19,0,0,0,0,0,0,1,16,13,90
10011,96170,Nottingham Univ. Mus.,None,9.12.77,,Western Boulevard,"Flint Celt.
Western Boulevard, Nottm.
Purch. from Mr. A. T. Teale",flint,,10011,complete,5,2.5,2.5,60.5,0.5,1,60,0,13,1,10,49,9,0,0,0,0,0,8,4,2,0,1,2,0,165,5,1,13,80,23,17,15,184,19,50,0,0,0,0,5,0,0,0,5,14,,,,,,,1.5,14,11,170
10012,96171,Nottingham Univ. Mus.,1. poll edge is double faceted - [drawing],9.12.77,,Middleton Boulevard,"NOTTINGHAM :
MIDDLETON
BOULEVARD",flint,,10012,complete,4.75,2.5,2.25,53.5,0.25,0,70,0,14,2,14,45,14,0,0,0,0,0,2,4.75,35,0.25,4.75,260,0.25,145,15,1.5,20,60,14,145,15,163,25,45,0,0,0,2.5,3,0,0,0,6,17,,,,,,,1.5,17,12,200
10024,96183,"Jewry Wall Mus.
Leicester",,19.12.77,,Grace Dieu,"Grace Dieu
Leicestershire
248.1952
A.735
GRACE DIEU",Flint,,10024,complete,8,4,4,52,1.25,0,95,0,18,0,24,64,15,0,0,0,0,0,0,8,39,0,8,43,0.25,95,0,2,27,51,27,95,35,109,33,65,0.25,3.5,0,1,5,0,1,0,14,33,,,,,,,2,28,18,300
10037,96194,,,,,,,,,,,,,,,,,,,,,,,,,,,,,,,,,,,,,,,,,,,,,,,,,,,,,,,,,,,,,,,,,,
10038,96195,Devizes Museum,,18.11.77,Flint,Wilcot,"WILCOT
DM 1479",Su 1460,1460,10038,,10,5,5,55,0.25,2,0,5,21,3,21,63,15,10,0,4.5,0.25,0,1,41,0.25,8.75,41,0.25,50,110,15,,25,71,25,110,15,130,32,63,0,0,0,300,2,0,0,9.5,10,20,,,,,,,4,23,16,
10098,96250,Maidstone Museum,,1.11.77,,Lower Murston,"E. Mount LOWER MURSTON
MAY 10th
1931
E.A. Mount Esq.
CELT",flint,?,10098,complete,0.25,5,5.25,75.5,0.75,0,90,0,18,0,25,77,18,0,0,0,0,0,0,8.5,65.5,0.5,10.25,53.5,0,110,0,5.5,29,75,25,110,25,132,36,77,8.5,15,0,4,6,6,8.5,0,12,26,,,,,,,4,29,18,415
10136,96286,"Penlee Museum, Penzance",,8.10.77,1925,Trewern,PH. 45. 75/569 TREWERN 1925,flint,,10136,reworked fragment,,,,,,0,75,0,,6,,,,0,0,0,0,0,1,3,37,0,0.75,41.5,0,115,0,5.5,,,,115,35,,,,0,0,0,0.5,,0,0,0,,,5.75,9,,,5,,4.5,,,315
10217,96362,"Norwich
Castle Museum",1. blade edge is not very scarred,14.2.78,,"Harcourts Fm, Blakeney, Norfolk","Harcourts          144.937
Farm
Blakeney
Oct. 1937
C.D.B.",flint,,10217,complete,,,,,,,70,,,,,,,1.5,0,0,0,,,,,,,,,140,0,6,,,,170,30,,45,,,,,0,,,,,,,,,,,,,,,,705
10221,96366,"Norwich
Castle Museum",,15.2.78,,,"Found near Difs
on the Clant Hills
797.76.94
DISS",flint,,10221,complete,,,,,,,85,,,,,,,0,0,0,0,,,,,,,,,100,30,3,,,,110,30,,33,,,,,3,,,,,,,,,,,,,,,,380
10261,96406,"Norwich
Castle Museum",,17.2.78,,,"57.935
Gresham Hills
[illeg.]

No. 11
Gresham
1894",flint,,10261,complete,,,,,,,75,,,,,,,0,0,0,0,,,,,,,,,90,0,4,,,,130,5,,21,,,,,0.5,,,,,,,,,,,,,,,,145
10262,96407,"Norwich
Castle Museum",,17.2.78,,,"Heckingham Common
June 1861
by S Batchelder

802.76.94
Evans ASI. p  93
Fitch [on label obscuring writing on flint]

802.76.94
Fitch",flint,,10262,complete,,,,,,,80,,,,,,,0,0,0,0,,,,,,,,,220,35,2.5,,,,220,35,,46,,,,,1,,,,,,,,,,,,,,,,
10271,96416,Norwich Castle Museum,,17.2.78,,,106.980 WALL OF HOUSE PHILADELPHIA LANE NORWICH 1944,flint,,10271,complete,,,,,,,95,,,,,,,0,0,0,0,,,,,,,,,180,0,2.5,,,,180,25,,63,,,,,0.5,,,,,,,,,,,,,,,,
10272,96417,Norwich Castle Museum,,17.2.78,1894,,"Found [at?] the Dean's Meadow amongst the debris from the River
H. F. Farr [illeg.] 
NORWICH 3.49",flint,,10272,complete,,,,,,,80,,,,,,,0,0,0,0,,,,,,,,,140,0,3,,,,140,60,,47,,,,,0.5,,,,,,,,,,,,,,,,915
10287,96430,Ipswich Museum,1. polledge formed by flake scar 9point of percussion in middle of back face) which is definitely ground in.,22.2.78,,,"Stanwell Middx
R - 1936 - 283 - 2
Stanwell Middx
Found on 
Hithermon [?] Farm",flint,,10287,complete,,,,,,,75,,,,,,,0,0,0,0,,,,,,,,,105,0,2,,,,105,20,,21,,,,,8.5,,,,,,,,,,,,,,,,110
10509,96623,Lincoln Museum,,2.5.78,1975,"High Harbour Farm, Caistor",45.77 CAISTOR,flint,,10509,complete,,,,,,,95,,,,,,,0,0,0,0,,,,,,,,,30,0,2,,,,115,10,,33,,,,,1,,,,,,,,,,,,,,,,245
10511,96625,Lincoln Museum,,2.5.78,,,GOKEWELL 5.25 [?] 1867,flint,,10511,complete,,,,,,,85,,,,,,,0,0,0,0,,,,,,,,,140,20,8.5,,,,140,20,,31,,,,,0.5,,,,,,,,,,,,,,,,435
10529,96642,Sheffield Museum,"1. blade edge sharp & fresh, though some largish (1 - 1.5 mm across) damage scars.
2. poll edge : flat cortex.",8.5.78,(1963),Blacka Moor,Z 83,flint,,10529,complete,,,,,,,80,,,,,,,0,0,0,0,,,,,,,,,100,0,6,,,,110,20,,19,,,,,1,,,,,,,,,,,,,,,,115
10537,96650,Preston Museum,,11.5.78,,Rudston Parva,A.65,flint,,10537,complete,,,,,,,85,,,,,,,0,0,0,0,,,,,,,,,80,15,4.5,,,,80,15,,27,,,,,1,,,,,,,,,,,,,,,,165
10554,96665,Lincoln Museum,1. poll edge reconstruction based on continuation of side edges,24.5.78,,"Low Field Farm, Rowston",A,flint,,10554,complete,,,,,,,90,,,,,,,0,0,0,0,,,,,,,,,110,35,2.5,,,,110,35,,37,,,,,1,,,,,,,,,,,,,,,,365
10564,96675,Norwich C.M.,1. sinuous blade edge,6.6.78,,,"FLEGBURGH             28.06/1
      YARMOUTH            FLEGGBURGH

                                                                     287
",flint,,10564,complete,,,,,,,90,,,,,,,0,0,0,0,,,,,,,,,125,5,3,,,,135,10,,34,,,,,1.5,,,,,,,,,,,,,,,,305
10565,96676,Norwich C.M.,"1. poll edge distinctly faceted - caused by 2 small flake scars, ridges only ground down",6.6.78,,,"Found with Two others about two spades deep from the surface
FLEGGBURGH 28-06 (2)
FLEGBURGH YARMOUTH
288",flint,,11565,complete,,,,,,,85,,,,,,,0,0,0,0,,,,,,,,,110,15,4,,,,110,20,,34,,,,,2,,,,,,,,,,,,,,,,275
10566,96677,Norwich C.M.,"1. side edges crushed
2. small cortex facet on poll edge.
3. unlike the other 2 Fleggburgh celts, this piece is unpatinated.",6.6.78,,,"FLEGBURGH YARMOUTH.
FLEGGBURGH 28.06 (3)
292",flint,,10566,roughout,,,,,,,,,,,,,,0,0,0,0,,,,,,,,,0,0,2.5,,,,130,25,,41,,,,,4,,,,,,,,,,,,,,,,425
10576,96687,Norwich C.M.,,6.6.78,,,"EGMERE                     56.87
               56.87 (1)
                                                                                     380
EGMERE  NORFOLK",flint,,10576,complete,,,,,,,95,,,,,,,0,0,0,0,,,,,,,,,135,25,2,,,,135,50,,42,,,,,4,,,,,,,,,,,,,,,,670
10577,96688,Norwich C.M.,,6.6.78,,,"EGMERE   56.87 (2)
1. of 4 celts            ]
Found together      ]
near Egmere          ]  H.W. Feilden                                            381
2 1/2 feet below     ]
surface 1866         ]",flint,,10577,complete,,,,,,,95,,,,,,,0,0,0,0,,,,,,,,,120,35,2,,,,120,60,,36,,,,,0.5,,,,,,,,,,,,,,,,385
10578,96689,Norwich C.M.,,6.6.78,,,"EGMERE 56-87 (3)
382",flint,,10578,complete,,,,,,,95,,,,,,,0,0,0,0.5,,,,,,,,,140,60,2.5,,,,140,60,,40,,,,,1.5,,,,,,,,,,,,,,,,675
10579,96690,Norwich C.M.,"1. poll edge = flat flake scar. Flaking on poll on front face has been carried out
    from this facet. Projections along ridge have been lightly ground down",6.6.78,,,"EGMERE                          383
               56-87 (4)",flint,,10579,complete,,,,,,,,,,,,,,0,0,0,0,,,,,,,,,110,20,2,,,,110,40,,36,,,,,15,,,,,,,,,,,,,,,,485
10609,96720,Norwich C.M.,"1. 'axe' blade edge damaged 
'chisel' blade edge 85°
2. all scarring apparently pre grinding",8.6.78,,"unprovenanced, but probably Norfolk, possibly Cranwich",[NONE],flint,,10609,complete,,,,,,,,,,,,,,0,0,0,0,,,,,,,,,100,,,,,,110,,,20,,,,,,,,,,,,,,,,,,,,,80
10624,96734,Cambridge M.A.E.,,13.6.78,,,"Barnes Farm 
Manea

Barnes Farm
Manea
[illeg.]
*

2.24392
Manea",flint,,10624,complete,,,,,,,70,,,,,,,0.5,1.5,4.5,5.5,,,,,,,,,110,30,0,,,,110,30,,19,,,,,0,,,,,,,,,,,,,,,,130
10638,96748,Cambridge M.A.E.,1. blade edge fairly sharp,15.6.78,,,"41 Stanesfield Rd.
                Cambridge
                64.177",flint,,10638,complete,,,,,,,85,,,,,,,0,0,0.5,0,,,,,,,,,85,10,1,,,,85,10,,14,,,,,1,,,,,,,,,,,,,,,,65
10759,96867,Colchester Museum,"1. grinding on back face only on blade, extending up to c. 30 mm from blade edge.
2. poll edge formed by flake scar, struck from centre of back face. Below this 'tranchet' flake scars on both faces

[I missed the ""Comments"" on the previous card/task. Sorry]",3.7.78,,"Park Fm, Berechurch",BERECHURCH 174-32,flint,,10759,complete,,,,,,,80,,,,,,,10,0,0,0,,,,,,,,,45,0,7,,,,160,15,,26,,,,,3,,,,,,,,,,,,,,,,215
10761,96869,Colchester Museum,1. found while ploughing for sugar beet,3.7.78,complete,"Enfield Fm, Baxted",96.61,flint,,10761,complete,,,,,,,85,,,,,,,0,0,0,0,,,,,,,,,0,,0,,,,120,,,20,,,,,0,,,,,,,,,,,,,,,,100
10765,96872,Colchester Museum,"1. 'Said to have been found with others'.
2. blade edge scarred.",4.7.78,,"Warren Rd., Colchester","27.61
27.61",flint,,10765,complete,,,,,,,70,,,,,,,0,0,1,0,,,,,,,,,145,30,9,,,,145,30,,30,,,,,2,,,,,,,,,,,,,,,,375
10767,96874,Colchester Museum,,4.7.78,,,"Warren Lane Stanway
June 29 1889 [or 1899?]
048 Mr. Hills",flint,,10767,complete,,,,,,,85,,,,,,,0,0,0,0,,,,,,,,,0,0,,,,,100,35,,29,,,,,0,,,,,,,,,,,,,,,,220
10771,96878,Colchester Museum,"1. where not ground, side edges are crushed: this seems to have been done before grinding, as it looks as if edges were crushed along their whole length originally.",1.7.78,1921,Great Bentley Lodge Fm.,GREAT BENTLEY. 4161.21,flint,,10771,complete,,,,,,,85,,,,,,,0,0,0,0,,,,,,,,,70,0,3.5,,,,115,10,,23,,,,,0,,,,,,,,,,,,,,,,100
10780,96887,Norwich Museum,1. found in hedge.,5.7.78,1938,,"REEPHAM MOOR, NORFOLK.
33-939",flint,,10780,complete,,,,,,,85,,,,,,,0,0,1,0.25,,,,,,,,,130,0,1,,,,130,30,,37,,,,,0,,,,,,,,,,,,,,,,540
10797,96904,Ipswich Museum,,6.7.78,,,"Martlesham Hill
EVANS A.S.L. p. 80
963-203
MARTLESHAM HILL 
807
76 94",flint,,10797,complete,,,,,,,95,,,,,,,0,0,0,0,,,,,,,,,110,15,2,,,,110,25,,36,,,,,10,,,,,,,,,,,,,,,,490
10804,96911,Ipswich Museum,1. found in base of hedge bank.,7.7.78,1933,,"M.R. 1946-218.
WHETHERDEN
SUFFOLK
1933
Whetherden Hall Farm 1933 1946-218
H. T. PITT",flint,,10804,complete,,,,,,,70,,,,,,,0,0,0,0,,,,,,,,,200,10,1.5,,,,200,10,,23,,,,,1,,,,,,,,,,,,,,,,240
10815,96922,Ipswich Museum,"1. looks rather damaged, but damage scars are not readily distinguishable.",7.7.78,,,"IPSWICH FOXHALL RD
1943-37X",flint,,10815,complete,,,,,,,80,,,,,,,0,0,0,0,,,,,,,,,90,0,1,,,,100,5,,15,,,,,0,,,,,,,,,,,,,,,,75
10818,96925,Cheltenham Mus.,"1. difficult to tell how much of edges has been damaged. Present GRIPOLED = 10.
2. most of back face is a creamy brown colour. There is a marked boundary, which looks like a discontinuity, between this flint & the black flint of the rest of the celt. 
3. provenance record reads: 'Found near Teddington Lock'.",12.7.78,,"Teddington Lock, London.",1915.109,flint,,10818,complete,,,,,,,80,,,,,,,0,0,1.5,0,,,,,,,,,85,30,1,,,,120,30,,23,,,,,1,,,,,,,,,,,,,,,,200
10821,96928,Birmingham Mus,,BIRMINGHAM MUSEUM,c.1845,"Drayhouse Bank, Romsley.",32'26,flint,,10821,complete,,,,,,,85,,,,,,,0,0,0,0,,,,,,,,,125,40,5,,,,125,40,,31,,,,,1.5,,,,,,,,,,,,,,,,305
10858,96965,Dorchester Museum,"1. Flake scar on poll at c. 45° to long axis of celt on front face, is ground in along poll edge.",21.7.78,,"Cobham Drive, Weymouth","1970.6
1970.6",flint,,10858,complete,,,,,,,85,,,,,,,0,0,0,0,,,,,,,,,120,15,7,,,,120,20,,39,,,,,3,,,,,,,,,,,,,,,,375
10870,96977,Dorchester Museum,1. insignificant amount of grinding on back face. All scars pre-grinding. Side edges only lightly ground - difficult to tell exactly how much.,18.7.78,,,"Wrackleford Pres† by Hon Mrs Ashley
0.39.1",flint,,10870,roughout,,,,,,,,,,,,,,0,0,0,0,,,,,,,,,25,0,1,,,,145,5,,30,,,,,0,,,,,,,,,,,,,,,,310
10887,96994,Winchester Mus.,1. found in garden.,24.7.78,,"Oakwood Rd, Chandler's Ford",2182,flint,,10887,reworked fragment,,,,,,,95,,,,,,,0,0,0,0,,,,,,,,,30,0,2,,,,80,15,,33,,,,,0,,,,,,,,,,,,,,,,115
10890,96997,Winchester Mus.,1. small scar facet on poll edge is ground in.,25.7.78,,"Belbin's Pit, Romsey","D.C.78
2144.2
DALE 78",flint,,10890,complete,,,,,,,95,,,,,,,0,0,8,0,,,,,,,,,150,5,26,,,,150,5,,39,,,,,2.5,,,,,,,,,,,,,,,,165
10892,96999,Winchester Mus,1. poll edge is cortex,25.7.78,,,"72 DALE COLLN
2144.1
Birch Copse Tichfield",flint,,10892,complete,,,,,,,90,,,,,,,0,0,0,0,,,,,,,,,115,10,5,,,,115,10,,32,,,,,3,,,,,,,,,,,,,,,,260
10895,97002,Christchurch Mus.,1. found in field.,28.7.78,1912,,"ROWBURY DOUBLE DITCHES. 
Nii. 3.",flint,162918,10845,complete,,,,,,,90,,,,,,,0,0,8,0,,,,,,,,,105,10,3.5,,,,105,10,,25,,,,,2,,,,,,,,,,,,,,,,145
10921,97028,Maidstone Museum,"1. GRINSIDE, LONGSIDE & LEFEDWID taken off RIGHT SIDE edge. This edge has some grinding, & is better presented than left side edge, which has no grinding.
2. stained & battered.",1.8.78,,,"FOUND AT MAPLECOMBE FARNINGHAM KENT NEAR THE CASTLE R.G.R., F.S.A. 6 MARCH 1916.
MAPLECOMBE FARNINGHAM (Kent)",flint,,10921,roughout,,,,,,,,,,,,,,0,0,6,0,,,,,,,,,70,0,1,,,,130,30,,33,,,,,0,,,,,,,,,,,,,,,,340
10928,97035,Maidstone Mus.,,1.8.78,,,20 Shalmsford Street. Chartham 1877 prest by John Marten Esq Jan 1892,flint,,10928,complete,,,,,,,,,,,,,,0,0,1.5,0,,,,,,,,,110,0,4,,,,110,15,,28,,,,,0,,,,,,,,,,,,,,,,210
10937,97044,Maidstone Mus.,,2.8.78,,"Ridding Fm, Lenham",30.1932,flint,,10937,reworked fragment,,,,,,,85,,,,,,,0,0,0,0,,,,,,,,,20,30,4,,,,65,35,,29,,,,,8,,,,,,,,,,,,,,,,155
10949,97056,NMW Cardiff,"1. turned up by the plough.
2. Arch. Camb. 87, 1932, 407. Fig. 1 shows back face & left side. 
3. BR. 6",15.8.78,,"Ty rewydd Fm, Ystradgyntais Lower",32-218,flint,826097,10949,complete,,,,,,,90,,,,,,,0,0,0,0,,,,,,,,,110,25,7.5,,,,110,25,,35,,,,,1,,,,,,,,,,,,,,,,325
10950,97057,NMW Cardiff,"Den I. E. Davies 1929 Prehistoric & Roman Remains of Denbighshire, 216-8. Fig. 64 shows front face (photo). Found when cutting deep trench or drain, c. 2½ ft. under the surface. ""It lay in a stratum of clay boggy ground. It appears to have been fixed of discovery). Davies says that this celt 'shows unmistakable signs of having been hafted, there being around the middle a band of brown stained surface.' (p. 218). This appears to show clearly on Davies' photo, but there's nothing totally convincing on the object itself. Most of the band seems to be differentially stained 'impurities' in flint, but there are suggestions of a clearer band on the photo celt than it now has: a b+w photo of it now would make comparison easier.",15.8.78,1857,"Coed Cochion Wood, Llanfair",38-753/1,flint,,10950,complete,,,,,,,95,,,,,,,0,0,0,0,,,,,,,,,185,30,12,,,,185,30,,58,,,,,1.5,,,,,,,,,,,,,,,,1150
10958,97065,Chelmsford Mus.,"1. blade edge has small scars along its whole length.
2. grinding on edges light & indistinct: no facets.
3. polish is very shiny",27.9.78,,,1976: 598: 1,flint,,10958,complete,,,,,,,70,,,,,,,0,0,0,0,,,,,,,,,140,10,0.5,,,,140,35,,20,,,,,0.5,,,,,,,,,,,,,,,,115
10960,97067,Chelmsford Mus.,"1. poll edge is flat cortex facet. 
2. scars on blade edge probably ancient damage (ground in).",27.9.78,,,1978: 48: 1 KITCOMBE FARM ALTON,flint,,10960,complete,,,,,,,95,,,,,,,0,0,0,0.75,,,,,,,,,10,0,0,,,,130,30,,36,,,,,11,,,,,,,,,,,,,,,,450
10991,97098,,,,,,,,,,,,,,,,,,,,,,,,,,,,,,,,,,,,,,,,,,,,,,,,,,,,,,,,,,,,,,,,,,
10998,97105,BM,"1. no grinding
2. Roach-Smith catalogue: 'This [5001] and fast [5000] were found on Landguard Farm, in a field called Heath (opposite Hillyards) between Lake & Shanklin, Isle of Wight'. Both of these celts are in similar fresh condition, apart from dark staining, deep red-brown to greeny-beige. Larger is darker coloured. Damage to 5001 may be ancient - all scarring similar condition.",31.10.78,,,"Hillyards Nr Shanklin IW
HILLYARDS, SHANKLIN.
56 7-1 5001",flint,,10998,roughout,,,,,,,,,,,,,,0,0,0,0,,,,,,,,,0,0,0.5,,,,160,10,,42,,,,,0,,,,,,,,,,,,,,,,530
10999,97106,BM,1. See 10998.,31.10.78,,,56 7–1 5000.,flint,,10999,roughout,,,,,,,,,,,,,,0,0,0,0,,,,,,,,,0,0,0,,,,190,10,,50,,,,,0,,,,,,,,,,,,,,,,810
11017,97124,BM,"1. BM. 620
2. ground all over. Moderate scars along sides, all but meeting in centre on butt. Most scars prominent.
2. found in digging out rabbit-hole by gamekeeper.",2.11.78,1886,"New Lodge Estate, St. Leonard's Forest, Horsham","1937 10–7 60
620",flint,,11017,complete,,,,,,,,,,,,,,0,0,0,0,,,,,,,,,110,,2,,,,110,,,43,,,,,,,,,,,,,,,,,,,,,385
11023,97130,BM,"1. ground all over. Most of butt unground, moderate scars along sides elsewhere, including poll.",2.11.78,,,"Found at Scraps gate near Sheerness. April 1818
Scrapsgate 1½ miles E of Sheerness Allen-Brown Colln 1898",flint,,11023,complete,,,,,,,,,,,,,,0,0,0,0,,,,,,,,,140,,3,,,,140,,,44,,,,,,,,,,,,,,,,,,,,,565
11025,97132,BM,"1. Found 3 ft. deep in sand
2. no grinding
3. lightly stained & recently damaged along parts of edges, otherwise in fresh condition.",31.10.78,,Wilmington (South) side of Dartford Heath,1921 11-7 1,flint,,11025,roughout,,,,,,,,,,,,,,0,0,0,0,,,,,,,,,0,,0,,,,150,,,25,,,,,,,,,,,,,,,,,,,,,185
11029,97136,BM,1. fresh condition.,3.10.78,,,"1921 10.22 3
BEXLEY HEATH KENT",flint,,11029,roughout,,,,,,,,,,,,,,0,0,0,0,,,,,,,,,0,0,0,,,,250,5,,20,,,,,0,,,,,,,,,,,,,,,,230
11040,97147,BM,"1. ground at blade, & up to 6 cm from edge on back, 5 on front, almost to side edges small scars in ground surface. Poll edge unground.",3.11.78,,"near St. Otave's School, Croydon","1949 2-3 1
Croydon 
1949 2-3 1",flint,,11040,complete,,,,,,,,,,,,,,0,0,0,0,,,,,,,,,100,,1,,,,100,,,,,,,,,,,,,,,,,,,,,,,,145
11041,97148,BM,"1. ground at blade, Main ridges are lightly ground up to 7 cm from edge on front, 8.5 cm on back. Poll edge mostly ground. 
2. blade edge fresh & sharp.
3. found in garden of greenways. Oakfield Glade, Weybridge",3.11.78,,,"1948 12-1 1 
Weybridge",flint,,11041,complete,,,,,,,,,,,,,,0,0,0,0,,,,,,,,,85,,1,,,,105,,,,,,,,,,,,,,,,,,,,,,,,145
11043,97150,BM,"1. Ground surface has no scars.
2. found in garden at Sharston, Warren Rd, Banstead.",3.11.78,,,1933 2-6 1,flint,,11043,reworked fragment,,,,,,,,,,,,,,0,0,0,0,,,,,,,,,0,,0,,,,,,,,,,,,,,,,,,,,,,,,,,,,115
11044,97151,BM,"1. ground all over. Small to large scars all over
2. found in a ploughed field",3.11.78,,"Hurtswood, Reigate","REIGATE, SURREY
52. 3-26 1",flint,,11044,complete,,,,,,,,,,,,,,0,0,1,0,,,,,,,,,135,,4,,,,135,,,,,,,,,,,,,,,,,,,,,,,,400
11053,97160,B.M.,"1. side & poll edges have a more or less continuous crushed facet, which is quite smooth in places : perhaps represents light grinding.",5.10.78,,,"94 12-10 29.
WIN HILL / HITCHAM. BUCKS. 1883",flint,,11053,roughout,,,,,,,,,,,,,,0,0,0,0,,,,,,,,,0,0,1.5,,,,185,40,,38,,,,,1,,,,,,,,,,,,,,,,660
11054,97161,B.M.,,5.10.78,,,"WIN HILL Hitcham BUCKS.
94 12-10 32.",flint,,11054,complete,,,,,,,100,,,,,,,0,0,0,0,,,,,,,,,90,5,6.5,,,,90,25,,28,,,,,1,,,,,,,,,,,,,,,,120
11057,97164,BM,"1. ground all over. Small to large scars along sides on front, small to moderate all over on back.
2. poll edge scar ground in. No indication of direction of blow.",1.11.78,1909,,"Burymead, Hitchin
Found on  Burymead
1915 12-8 230
Burymead Hitchin",flint,,11057,complete,,,,,,,,,,,,,,0,0,0,0,,,,,,,,,130,,0,,,,130,,,,,,,,,,,,,,,,,,,,,,,,330
11061,97168,BM,"1. Ground all over. Large scars along sides.
grinding over after Adkins & Jackson no.129",25.10.78,,,"R. THAMES. GREENWICH. PRES BY THE LORDS OF THE ADMIRALTY. 28.11.1873
England 18
ENG.18.",flint,,11061,complete,,,,,,,,,,,,,,0.5,0,0,0,,,,,,,,,170,,2.5,,,,170,,,,,,,,,,,,,,,,,,,,,,,,855
11062,97169,BM,1. Main grinding on front face. Main ridges in equivalent area on back face are lightly ground.,3.11.78,,,"LAVENDER HILL. WANDSWORTH. 84 + 2817
+2817
T2817 SISTERS ESTATE, LAVENDER HILL, WANDSWORTH.
C.H.R.XI.84 NOV 87",Flint,,11062,roughout,,,,,,,,,,,,,,12,0,0,0,,,,,,,,,0,,0,,,,,,,,,,,,,,,,,,,,,,,,,,,,500
11064,97171,BM,"1. Ground all over. A few small to moderate scars both faces.
2. Poll edge = single facet. Light grinding over much of facet makes it difficult to tell where flake was struck from.
3. Adkins & Jackson 1978, no. 280.",25.10.78,,,"PUTNEY. THAMES 90
W9 90",Flint,,11064,complete,,,,,,,,,,,,,,0,0,0,0,,,,,,,,,115,,11.5,,,,115,,,,,,,,,,,,,,,,,,,,,,,,415
11065,97172,BM,"1. ground all over. Moderate scars along sides, with a large scar in centre of back face (?damage, from blade edge, ground in). All cortex ground.",31.10.78,,,"B94
Thames Putney [barely legible]",flint,,11065,complete,,,,,,,,,,,,,,10,0.25,6.5,0.5,,,,,,,,,125,,3,,,,125,,,,,,,,,,,,,,,,,,,,,,,,390
11066,97173,BM,"1. ground all over. Many small to moderate scars along sides & centre. Cortex unground
2. scars struck from blade edge on both faces mean that most of blade is unground. These look ground in, butt difficult to tell. Blade edge has a flat ground facet, c. 0.5-1mm",26.10.78,,,"THAMES CHELSEA
Chelsea GF.L",flint,,11066,complete,,,,,,,,,,,,,,0,0,4,0,,,,,,,,,165,,3,,,,170,,,,,,,,,,,,,,,,,,,,,,,,515
11067,97174,BM,"1. ground all over, but concentrated at blade. Large to small scars on blade half, main ridges only ground on poll half.",26.10.78,,,"RIVER THAMES HIGH BRIDGE
WG 83
RIVER THAMES HIGH BRIDGE 83",flint,,11067,complete,,,,,,,,,,,,,,0,0,0,0,,,,,,,,,130,,1,,,,130,,,,,,,,,,,,,,,,,,,,,,,,410
11068,97175,BM,1. ground all over. Large to moderate scars along sides.,26.10.78,,,"RIVER THAMES BARNES 79
WG 79",flint,,11068,complete,,,,,,,,,,,,,,4.5,0,10,0,,,,,,,,,140,,5,,,,140,,,,,,,,,,,,,,,,,,,,,,,,590
11069,97176,BM,1. ground all over. A few small to moderate scars along sides.,26.10.78,,,THAMES BARNES,flint,,10069,complete,,,,,,,,,,,,,,0,0,0,0,,,,,,,,,90,,3.5,,,,90,,,,,,,,,,,,,,,,,,,,,,,,110
11070,97177,BM,"1. fully ground, no scars. Blade highly polished.",26.10.78,,,+ 1389 VICTORIA DOCK EXTENSION,flint,,11070,complete,,,,,,,,,,,,,,0,0,0,0,,,,,,,,,130,,14,,,,130,,,,,,,,,,,,,,,,,,,,,,,,385
11071,97178,BM,1. Ground all over. Some small to moderate scars along sides.,26.10.78,,,Becontree Heath OU,Flint,,11071,complete,,,,,,,,,,,,,,0,0,0,0,,,,,,,,,110,,6,,,,110,,,,,,,,,,,,,,,,,,,,,,,,230
11072,97179,BM,"1. Blade edge at both ends Edge at 'poll' is ['85°' crossed out] 80°
Edges parallel to each other.",30.10.98,,"Mossfoot Green, Barking Side","BARKINGSIDE, NR ILFORD
1927, 11.15, 1",Flint,,11072,complete,,,,,,,85,,,,,,,0,0,0,0,,,,,,,,,115,15,1,,,,125,15,,15,,,,,0,,,,,,,,,,,,,,,,95
11073,97180,BM,"1. Fully ground small scars along front sides & back up to 55cm from poll edge, from where only main ridges ground.",26.10.98,,"Thames, Isleworth","ISLEWORTH
Isleworth
Isleworth
WG 86",Flint,,11073,complete,,,,,,,,,,,,,,0,0,0,0,,,,,,,,,135,,0.5,,,,140,,,,,,,,,,,,,,,,,,,,,,,,155
11074,97181,BM,"1. Ground at blade, & up central ridge to 6.0cm from edge on front, 5.5 on back.",26.10.78,,,"RIVER THAMES, ISLEWORTH 86
1145",Flint,,11074,complete,,,,,,,,,,,,,,0,0,0,0,,,,,,,,,65,,0.5,,,,110,,,,,,,,,,,,,,,,,,,,,,,,145
11075,97182,BM,"1. Front face almost totally cover in white encrustation, obscuring surface. Where visible, there is no grinding on faces. Cortex on front suggested by hole in surface.",26.10.78,,,"Thames, Isleworth 1930
[sic]
1965, 2-9, 54",Flint,,11095,roughout,,,,,,,,,,,,,,1,0,1,0,,,,,,,,,20,,0.5,,,,140,,,,,,,,,,,,,,,,,,,,,,,,595
11076,97183,BM,1. Ground all over. Some small to moderate scars along sides. Poll on both faces unground. All cortex ground. Poll edge ground.,26.10.78,,,"Wm Meads' brickfields near the King's Arms, Acton. 3.v4 F down found 8 yrs ago by W. Shed [?]
[...]26/92
1911",Flint,,11076,complete,,,,,,,,,,,,,,2.5,0,9.5,0,,,,,,,,,200,,10,,,,200,,,,,,,,,,,,,,,,,,,,,,,,630
11077,97184,BM,"1. Ground all over. Moderate scars along sides. Barely ground at all from poll edge down to 5 or 6 cm.
2. looks like dark honey brown chert, but this could perhaps be exceptional staining on flint.",26.10.78,,,Thames bed at HAMMERSMITH,Chert?,,11077,complete,,,,,,,,,,,,,,0,0,0.5,6.25,,,,,,,,,140,,0,,,,140,,,,,,,,,,,,,,,,,,,,,,,,495
11079,97186,BM,"1. fully ground, no scars. All cortex ground. Small scars on poll both faces, some perhaps ancient damage. Polish around blade.",26.10.78,,,"THAMES, HAMMERSMITH",Flint,,11079,complete,,,,,,,,,,,,,,0.5,0,12,,,,,,,,,,220,,9,,,,220,,,,,,,,,,,,,,,,,,,,,,,,
11081,97188,BM,"1. ground all over, but achieved by grinding down all ridges - virtually all scars are still distinguishable, except on blade.",26.10.78,,,"THAMES, HAMMERSMITH",Flint,,11081,complete,,,,,,,,,,,,,,0,0,0,0,,,,,,,,,140,,5,,,,140,,,,,,,,,,,,,,,,,,,,,,,,400
11082,97189,BM,"1. ground at blade & along central & main radial ridges up to poll
2. flat poll edge is shining while CORTEX - ?",30.10.78,,,"LIVERPOOL ST. STATION, G.E.R.",Flint,,11082,complete,,,,,,,,,,,,,,0,0,0,0,,,,,,,,,150,,1,,,,160,,,,,,,,,,,,,,,,,,,,,,,,225
11083,97190,BM,1. fully ground. Large to moderate scars all over except around blade.,30.10.78,,,"EALING 283 2, 283z [...] field nr. lamp post 3ft. Pres w/foot c surface nrs Reed - 1800 [?]",Flint,,11083,complete,,,,,,,,,,,,,,0,0,0,0,,,,,,,,,105,,5,,,,105,,,,,,,,,,,,,,,,,,,,,,,,205
11084,97191,BM,"1. fully ground. Moderate scars, especially around poll, extending down sides.
2. small scars that forms poll edge with intersection with ground surface of back face, which doesn't look ground in, could be original or ancient damage",30.10.78,,,"LONG ACRE
ACR 1893",Flint,,11089,complete,,,,,,,,,,,,,,0,0,0,0,,,,,,,,,110,,6,,,,6110,,,,,,,,,,,,,,,,,,,,,,,,345
11086,97193,BM,"1. ground at blade, & along central + radial ridges up to '7.5cm from edge",26.10.78,,"Thames, Strand on the Green","STRAND ON THE GREEN
1965, 2-9, 55",Flint,,11086,complete,,,,,,,,,,,,,,0,0,0,0,,,,,,,,,5,,0,,,,130,,,,,,,,,,,,,,,,,,,,,,,,240
11087,97194,BM,"1. front face ground up to poll, but only with no scars around blade. Moderate scars on sides, mostly unground around poll. Back face ground along blade edge + broken central ridge up to c. 11cm from blade edge.",30.10.78,,,"FROM AN EXCAVATION (18 FEET DEEP) AT THE EAST CORNER OF GREAT WINCHESTER STREET, LONDON WALL. 15 NOVR 1865
9138
9138 PRES.BY. DR.S. SIMPSON JAN 29.18.75",Flint,,11087,complete,,,,,,,,,,,,,,0,0,0,0,,,,,,,,,105,,1,,,,120,,,,,,,,,,,,,,,,,,,,,,,,140
11089,97196,BM,"1. fully ground. Large to small scars all over front face (except on blade), only a few moderate scars on back.",30.10.78,,,Nr. Kew Bridge,flint,,11089,complete,,,,,,,,,,,,,,0,0,0,0,,,,,,,,,130,,4,,,,130,,,,,,,,,,,,,,,,,,,,,,,,995
11091,97198,BM,"1. blade edge sharp ; small scars.
2. looks rather like a ""burin-celt"" damaged at burin end. Main facet on left edge has been cursorily ground, obscuring indications of direction of blow.",3.11.78,,Thames at Kew,"WG 89
KEW
+ Marks of handle +
15/-",flint,,11091,complete,,,,,,,75,,,,,,,0,0,0,0,,,,,,,,,105,0,2,,,,115,5,,23,,,,,0,,,,,,,,,,,,,,,,160
11092,97199,BM,"1. Ground at blade, in broad stripe along central ridge on front, along lateral ridges on back, & down radial ridges up to poll.",30.10.78,,,"THAMES WOOLWICH
Thames Woolwich
WOOLWICH",flint,,11092,complete,,,,,,,,,,,,,,0,0,0,0,,,,,,,,,100,,1,,,,110,,,,,,,,,,,,,,,,,,,,,,,,165
11093,97200,BM,"1. found in garden of Sunnyside [?], De Bohun Ave, Chase Side, Old Sg, N 14
2. ground all over, but only removing all scars around blade. Grinding on rest of surface is mostly little more than flattening of ridges.",30.10.78,,,"1927 7-5 1
OId Southgate",flint,,11093,complete,,,,,,,,,,,,,,0,0,1,0,,,,,,,,,95,,1,,,,105,,,,,,,,,,,,,,,,,,,,,,,,160
11094,97201,BM,1. ground all over. Many small to large scars along sides.,30.10.78,,,"Presd by A.W. Franks Esq. 1867 St 104.A
ST. 104 A
THAMES WESTMINSTER",flint,,11094,complete,,,,,,,,,,,,,,0,0,0,0,,,,,,,,,180,,3,,,,180,,,,,,,,,,,,,,,,,,,,,,,,825
11095,97202,BM,1. ground all over. Moderate scars along sides.,30.10.78,,"Thames St, Greenwich (?)","9230. PURCHASED W-S SIMPSON JAN. 18-75
BROOKS WHARF, THAMES STREET, MAY 1867 (W.S.S.)",flint,,11095,complete,,,,,,,,,,,,,,0,0,0,0,,,,,,,,,135,,2,,,,135,,,,,,,,,,,,,,,,,,,,,,,,415
11108,97215,Guildford,"1. ground at blade up to 2cm from edge on front, 4cm on back. Blade is not fully ground - only on ridges & only along full edge on front face.

[Transcriber's Note - grid features two additional entries ""CORF: 3.0"" and ""CORB: 1.5""]",15.2.79,,"Nurscome Fm, Bramley","G.6938
G6938",Flint,,11108,complete,,,,,,,,,,,,,,,,,,,,,,,,,,50,,1,,,,120,,,,,,,,,,,,,,,,,,,,,,,,200
11130,97236,BM,"1. BM. 484
2. ground at blade up to c. 3cm from edge (many scars left), with some grinding of ridges up to poll edge.",17.10.78,,,"Mildenhall Fen
484",flint,,11130,complete,,,,,,,,,,,,,,0,0,0,0,,,,,,,,,55,,0.5,,,,70,,,,,,,,,,,,,,,,,,,,,,,,55
11131,97237,BM,"ground all over moderate to large scars long sides & poll, esp on back face",20.10.78,,,"HILDENHALL
FEN 218",flint,,11131,complete,,,,,,,,,,,,,,0,0,0,0,,,,,,,,,85,,,,,,95,,,,,,,,,,,,,,,,,,,,,,,,225
11132,97238,BM,"1. No grinding. Finely flaked. Triangular section pronounced near poll.
2. fresh condition. Peat stained.",23.10.76,,,"1965 383
Skelton Grove 2.9
Mildenhall 385
Fenton Coll",flint,,11132,roughout,,,,,,,,,,,,,,1,8.11,3.5,211,,,,,,,,,0,,,,,,,,,,,,,,,,,,,,,,,,,,,,,,260
11134,97240,Br1,1. ground all over.  Moderate scars along sides + center.  Side edges are crushed rather than ground.,20.10.78,,,"231
Cross Bank
Mildenhall

Mildenhall",flint,,11134,complete,,,,,,,,,,,,,,0,0,0,0,,,,,,,,,95,,8,,,,95,,,,,,,,,,,,,,,,,,,,,,,,290
11135,97241,Br1,"1. blade edge scarred only by very small removals + still quite sharp.
2. ground at blade, up to 5.5 cm from edge to centre.",17.10.78,,"World's End Fm, Mildenhall","North's End Farm
Wilde Street",flint,,11135,complete,,,,,,,,,,,,,,0,0,0,0,,,,,,,,,0,,0,,,,110,,,,,,,,,,,,,,,,,,,,,,,,115
11136,97242,BM,1. no grinding,2.11.78,,,,flint,T,11136,roughout,,,,,,,,,,,,,,0,0,0,0,,,,,,,,,0,,0,,,,190,,,,,,,,,,,,,,,,,,,,,,,,330
11140,97246,BM,"1. ground along blade edge + up ridges of blade
2. looks damaged or reworked along sides of butt, but grinding on right side edge suggests that celt was in use in its present form.
3. poll edge is single scar, just ground in along ridge where it meets back face.",31.10.78,,,"216
Undley Common
Lakenheath
Suffolk",flint,,11140,complete,,,,,,,,,,,,,,0,0,0,0,,,,,,,,,35,,1,,,,105,,,,,,,,,,,,,,,,,,,,,,,,335
11153,97259,BM,"1. ground all over, but only along ridges & sides above blade area.
2. blade fresh.",17.10.78,,,"COPLOW SUFFOLK
14
COPLOW",flint,,11153,complete,,,,,,,,,,,,,,0,0,0,0,,,,,,,,,120,,2,,,,125,,,,,,,,,,,,,,,,,,,,,,,,175
11158,97264,BM,"1. ground at blade & along central ridge up to 4.5 cm from edge on front, 2.5 cm on back.
2. half of poll edge, & probably all of it before damage, is white cortex.
3. blade edge is set at 45° to poll edge",31.10.78,,,"N. Stow Trigg Colln
94 2-24 24
83",flint,,11158,complete,,,,,,,,,,,,,,0,0,0,0,,,,,,,,,10,,0,,,,90,,,,,,,,,,,,,,,,,,,,,,,,45
11159,97265,BM,"1. ground at blade ; also on left side, front face, up to 4.5 cm from edge. Cortex unground.
2. where blade edge survives on right side, it has a flat ground facet, 1mm across. On left side, edge is pointed.",31.10.78,,,"North Stow Trigg Colln
44 2-29 23
316",flint,,11159,complete,,,,,,,,,,,,,,10,0,5,0,,,,,,,,,80,,1.5,,,,90,,,,,,,,,,,,,,,,,,,,,,,,70
11166,97272,BM,"1. BM.472
2. ground all over, with large scars along sides",18.10.78,,,"Between BURWELL & UPWARE FEN, 1857.
Found between Burwell & Upware Fen May 11 1857",flint,,11166,complete,,,,,,,,,,,,,,0,0,0,0,,,,,,,,,115,,5,,,,115,,,,,,,,,,,,,,,,,,,,,,,,270
11169,97275,BM,"1. Sturge Catalogue, P1. VII. b shows front face & right side.
2. very fresh condition",16.10.78,,,"STURGE COLL. 253 SOHAM MERE CAMBRIDGESHIRE
253 STURGE",flint,,11169,roughout,,,,,,,,,,,,,,0,0,0,0,,,,,,,,,0,0,0,,117,,260,5,,30,,,,,0,,,,,,,,,,,,,,,,555
11171,97277,BM,"1. BM. 457.
2. ground all over. Scars left on both faces, some quite large.",17.10.78,,,"ISLEHAM FEN CAMBRIDGESHIRE
457",flint,,1171,complete,,,,,,,,,,,,,,0,0,0,0,,,,,,,,,160,,17,,,,160,,,,,,,,,,,,,,,,,,,,,,,,930
11172,97278,BM,"1. BM. 478.
2. ground at blade, up to 7cm from edge in centre.",18.10.78,,,"1855 Isleham Fen
St. 01.d.
St.101,d.
",flint,,11172,complete,,,,,,,,,,,,,,0,0,0,0,,,,,,,,,60,,1.5,,,,120,,,,,,,,,,,,,,,,,,,,,,,,145
11173,97279,BM,"1. BM.433
2. ground all over. Moderate & small scars all along sides.
3. blade edge fresh & sharp.",19.10.78,,,"HOCKWOLD FEN
                                        1863                                433
                                     STURGE",flint,,11173,complete,,,,,,,,,,,,,,0,0,0,0,,,,,,,,,210,,1,,,,230,,,,,,,,,,,,,,,,,,,,,,,,300
11175,97281,BM,"1. BM. 477
2. ground at blade, & along central ridge up to c. 8 cm from edge.",26.10.78,1842,"the Drove Way, border of Swaffham Prior Fen","St. 101. C.
ST 101 C
St.101.C 
477",flint,,11175,complete,,,,,,,,,,,,,,0,0,0,0,,,,,,,,,30,,0.5,,,,130,,,,,,,,,,,,,,,,,,,,,,,,135
11176,97282,BM,1. fully ground. Moderate to large scars along sides. Only ridges ground around poll. Cortex unground.,31.10.78,,,"98–310. NORBERTON. NR DOWNHAM CHR. SEPT.
98–310",flint,,11176,complete,,,,,,,,,,,,,,0,0,3,0.5,,,,,,,,,160,,3,,,,160,,,,,,,,,,,,,,,,,,,,,,,,930
11187,97293,BM,"1. BM. 437
2. Ground mainly at blade, but also up to poll on ridges. Side edges, & perhaps poll edge?, probably originally ground.",18.10.78,,"Shrub Hill, Feltwell","SHRUB HILL NORFOLK 1866 
437
54",flint,,11187,complete,,,,,,,,,,,,,,0,0,0,0,,,,,,,,,100,,1.5,,,,130,,,,,,,,,,,,,,,,,,,,,,,,255
11192,97298,BM,"1. no grinding
2. not at all fresh condition",31.10.78,,,BROOMHILL WEETING NORFOLK,flint,,11192,roughout,,,,,,,,,,,,,,0,0,12,0,,,,,,,,,0,,0,,,,140,,,,,,,,,,,,,,,,,,,,,,,,365
11206,97312,BM,"1. ground all over, but only solidly on blade. Large scars along sides reach almost to centre. & most of poll area is unground.
2. damage looks like result of burning.",24.10.78,,,"THORNE MARSH YORKS. 195
Thorne Marsh",flint,,11206,complete,,,,,,,,,,,,,,0,0,0,0,,,,,,,,,140,,2,,,,160,,,,,,,,,,,,,,,,,,,,,,,,495
11208,97314,BM,"1. fully ground, but large scars along sides & on poll. 
2. poll & side edges crushed. No ground surface on poll edge.",24.10.78,,,KNAPTON 15 E.R.Y,flint,,11208,complete,,,,,,,,,,,,,,0,0,0,0,,,,,,,,,25,,1,,,,80,,,,,,,,,,,,,,,,,,,,,,,,140
11210,97316,BM,"1. ground over blade & along centre up to poll, extending lightly down radial ridges. Side edges crushed & lightly ground.
2. poll edge formed by patinated scar surface, which makes up c. 25 mm of 40 mm of edge. No grinding.",24.10.78,,,"BED OF RIVER TORN NEAR LINDHOLME W. R. Y.
191",flint,,11210,complete,,,,,,,,,,,,,,0,0,0,0,,,,,,,,,105,,7,,,,110,,,,,,,,,,,,,,,,,,,,,,,,380
11238,97342,Cambridge,"1. ground at blade up to 4 cm from edge in centre on front, 3.5cm on back no grinding around or on poll.",28.11.78,,,"A.1907.344 Hockworld Fen Lakenheath, Suff. *C.A.S., 1907.
07.344",flint,,11238,complete,,,,,,,,,,,,,,0,0,1,0,,,,,,,,,40,,1,,,,90,,,,,,,,,,,,,,,,,,,,,,,,45
11240,97344,Cambridge,1. fully ground. Many small scars along sides.,28.11.78,,,Heath Farm Fulbourn 64.80,flint,,11240,complete,,,,,,,,,,,,,,0,0,0,0,,,,,,,,,120,,1,,,,120,,,,,,,,,,,,,,,,,,,,,,,,350
11244,97347,Cambridge,"1. sparsely ground: along blade edge, on parts of main ridges in centre. Poll unground.",30.11.78,,,"A.1906.144 near Devil's Ditch  Swaffham Fen. Cambs. (Bt. Chapman. 1907) * Camb. Ant. Soc. 1906
06.144",flint,,1244,complete,,,,,,,,,,,,,,0,0,0,0,,,,,,,,,120,,0.5,,,,120,,,,,,,,,,,,,,,,,,,,,,,,315
11251,97354,Cambridge,"1. Both sides edges lightly around,. No grinding on back face. All grinding post-dates flaking.
2. Not fresh.",30.11.78,,,"143
ALDELY BRICK PIT NORFOLK 25.50
21/7/12",flint,,11251,roughout,,,,,,,,,,,,,,0,0,0,0,,,,,,,,,35,,0.5,,,,185,,,,,,,,,,,,,,,,,,,,,,,,720
11254,97357,Cambridge,"1. ground at blade edge & on most main ridges all over
2. irregularity in poll outline is not damage, but is caused by natural hollow in flint.",30.11.78,,,"75
04.106
1904.106 Lakenheath Warren[..]/2/04 * C.A.S.",flint,,11254,complete,,,,,,,,,,,,,,0,0,1,0.25,,,,,,,,,120,,1.5,,,,120,,,,,,,,,,,,,,,,,,,,,,,,410
11257,97360,Cambridge,"1. ground at blade, up to 4.5 cm from edge in centre on front, 3.5 cm on back
2. poll edge is ground in flake facet",30.11.78,,,"Shepherds FEN MILDEHALL
28.1042 MILDENHALL",flint,,11257,complete,,,,,,,,,,,,,,0,0,0,0,,,,,,,,,90,,1,,,,90,,,,,,,,,,,,,,,,,,,,,,,,185
11259,97362,AM,"1. ground all over. Small to large scars all over, except for unbroken central ridge. Poll edge ground",6.12.78,,,"UNDLEY HALL FARM LAKENHEATH 1867
UNDLEY HALL LAKENHEATH 1867
1927.3717",flint,,11259,complete,,,,,,,,,,,,,,0,0,0,0,,,,,,,,,125,,4,,,,125,,,,,,,,,,,,,,,,,,,,,,,,350
11267,97370,AM (1885.14),"1. Fully ground. One or two small scars along sides.
2. Blade edge rounded (where not crushed) c. 1mm across.",6.12.78,,7,"COWAY STAKES. EGHAM Rev. P. Wyatt 1885
Coway Stakes Egham Presented by Wm Greenhill Esq.
From the Collection of Mr. James Wyatt F.G.S. presented by his son The Rev. Paul Wyatt
14. 188",flint,,11267,complete,,,,,,,,,,,,,,0,0,0,0,,,,,,,,,160,,,,,,160,,,,,,,,,,,,,,,,,,,,,,,,270
11271,97374,AM,1. ground all over. Small to moderate scars along sides. Blade area looks reground - ridged.,7.12.78,,"Eye, Northants.","1956.983
ET Leeds 100",flint,,11271,complete,,,,,,,,,,,,,,0,0,0,0,,,,,,,,,110,,5,,,,110,,,,,,,,,,,,,,,,,,,,,,,,220
11274,97377,AM,"1. ground at blade up to 3 cm from edge on both faces. Side & poll edges ? Originally fully ground, now damaged.",7.12.78,(complete),,"Ystrad Davaduc WALES. N.C. 216
Kraig y [...] [...] igos z ystrad davaduc
52",flint,,11279,165,,,,,,,,,,,,,,0,0,0,0,,,,,,,,,50,,1,,,,105,,,,,,,,,,,,,,,,,,,,,,,,
11283,97386,AM,"1. ground at blade up to 5.5 cm from edge on front, 3.5 on back. Poll edge not ground.",7.12.78,,,"LOAN 103
Great Brook. above chimney. Oxon",flint,,11283,complete,,,,,,,,,,,,,,0,0,0,0,,,,,,,,,95,,1.5,,,,95,,,,,,,,,,,,,,,,,,,,,,,,140
11284,97387,A.M.,"1. ground at blade up to 5.5 cm from edge on both faces, out to sides, & on front to 9 cm on ridges, & on back along central ridge to poll.",7.12.78,,,"EWELME DOWNS OXON Jan 1907 T.H. POWELL.
Ewelme Downs Oxon T.H. Powell Coll^n 1918.22",flint,,11284,complete,,,,,,,,,,,,,,0,0,0,0,,,,,,,,,50,,1.5,,,,145,,,,,,,,,,,,,,,,,,,,,,,,215
11287,97390,A.M.,"1. blade-half fully ground, no scars. Poll-half many moderate scars.
2. ? reworked celt, with poll of original ground to cutting edge. Present 'poll' = reflaked or - ground blade end of original celt.",7.12.78,,,"NOV 1909
Neolithic Implement Field between Howberry & Gowmarsh Church. T.H. POWELL.
near Howberry, Oxon T.H. Powell Coll^n 1918.21",flint,,11287,complete,,,,,,,,,,,,,,0,0,0,0,,,,,,,,,90,,5,,,,90,,,,,,,,,,,,,,,,,,,,,,,,120
11291,97394,A.M.,1. ground all over except around poll. Large scars all along sides. Poll edge not ground.,8.12.78,,,"1955.104 K
MEMBURY CAMP WILTS 1920",flint,,11291,complete,,,,,,,,,,,,,,0,0,0,0,,,,,,,,,110,,3,,,,140,,,,,,,,,,,,,,,,,,,,,,,,325
11294,97396,Lewes,"1. fully ground. Small to moderate scars on sides. Blade area is only part without scars. Narrow central ridge a radial ridges ground, but overall effect is ground fully.
2. found in field",23.1.79,,"Wych Cross Nurseries, Forest Row",60 24/1 WYCH CROSS,flint,,11294,complete,,,,,,,85,,,,,,,,,,,,,,,,,,,115,,1.5,,,,120,,,,,,,,,,,,,,,,,,,,,,,,320
20013,97424,BM,"1. fully ground, no scars
2. distinct pecked zone across butt on both faces looks like hafting aid.
3. dark green colour similar to VI, but 'grainy'.
4. not in Adkins & Jackson 1975",30.10.78,,"Thames, Kew","St. 104. v. Thames Prest by A.W. Franks Esq. 10.70
St 104: V
THAMES",XX,,50209,complete,,,,,,,,,,,,,,0,0,0,0,,,,,,,,,95,,4.5,,,,95,,,,,,,,,,,,,,,,,,,,,,,,400
50015,97444,Derby Museum,1. A pebble with a cutting edge ground on one end.,14.12.77,–,Suffolk,"Suffolk. 356-2-58. Polished limestone axe. Neolithic.
356-2-58",,–,50015,complete,,,,,,0,80,0,,0,,,,0,0,0,0,0,0,,3,0,,1,0,0,0,4,,,,80,10,,,,0,0,0,5,,0,0,0,,,,,,,,,4,,,190
50023,97447,Tenby Museum,1. looks ground only at blade & along central spine up to c. point of max thickness.,27.8.77,,Brownstade,A 33,stone (?),,50023,cast,,,,,,,,,,,,,,,,,,,,,,,,,,,,,,,,,,,,,,,,,,,,,,,,,,,,,,,,
50033,97451,Castle Museum Colchester,,10.2.78,,marsh nr. Barking,BARKING 3409.16,basalt (?),,50033,complete,,,,,,,80,,,,,,,0,0,0,0,,,,,,,,,110,20,9,,,,110,20,,30,,,,,2,,,,,,,,,,,,,,,,360
50035,97453,Ipswich Museum,"1. damage scar ground in secondary grinding phase clearly distinct.
2. found when laying electricity cables.
3. feldspar & amphibole BMNH anal. 19546",22.2.78,,,NR/68 MANDY CLOSE IPSWICH,,,50035,complete,,,,,,,120,,,,,,,0,0,0,0,,,,,,,,,180,5,5,,,,180,5,,28,,,,,2,,,,,,,,,,,,,,,,765
50040,97454,Weston-super-Mare Museum,"1. original in possession of R. Overy Esq.
2. apparently ground (or? pecked) all over, except for large hollows, which may represent decay of stone - like the Clegyr Boia celt.",4.10.77,(1977),"Monks Rest, Kewstoke",77/7,Stone,,50040,cast,,,,,,0,80,0,,0,,,,0,0,0,0,3,0,,,,,,,,,8,,,,,,,,,,,,4,,,,,,,,,,,,,7.5,,,
50041,97455,Plymouth Museum,"1. ground surface is like a polish
2. looks ethnographic",5.10.77,19C,"Didsbury, Manchester","Found in a Field at Didsbury Manchester
916",stone,,50041,complete,,,,,0.5,0,25,0,,0,,,,0,0,0,0,0,0,,1.5,25,,6,25,105,5,27,,,,105,25,,,,0,0,0,10,,0,0,0,,,0,0,0,0,0,0,27,,,355
50042,97456,Plymouth Museum,"1. from A.L. Lewis collection, May 1921
2. pecked smooth all over.
3. not sliced; but red 'III' looks like a petrology mark.",5.10.77,,"Aylesford, Kent","118.21.44
III
Aylesford",Stone,,50042,complete,,,,,,0,85,1.5,,0,,,,0,0,0,0,0,0,0,0,0,0,0,0,0,0,5.5,,,,100,15,,,,0,0,0,1.5,,0,0,0,,,0,0,0,0,0,0,4,,,240
50044,97457,Torquay Museum,"1. front face formed by flake removal; back face by 2.
2. accessed Nov. 1931
Glos57: epidotised tuff",6.10.77,,Cotswolds,"Stone celt
Found in a tumulus on the Cotswolds
Given by Mrs Baubeny
TNHS 1498 A",Stone,,50044,complete,,,,,,0,90,0,,0,,,,0,0,0,0,0,0,6.5,2.5,0,4.5,0.5,0,20,0,1,,,,85,50,,,,0,0,0,20,,0,0,0,,,0,0,0,0,0,0,1,,,235
50049,97462,Salisbury Museum,"1. a pebble ground at one end to a sharp edge.
2. Wilt 123, 406",25.11.77,,North Wiltshire,"NORTH WILTS. JB [monograph] 1087
(406)",quartzite,-,50049,complete,,,,,,0,75,0,,0,,,,0,0,0,0,0,0,-0.5,0.5,0,-0.25,0,0,0,0,4,,,,75,60,,,,0,0,0,0,,0,0,0,,,,,,,,,4,,,390
50051,97464,Salisbury Museum,,25.11.77,,Avebury ring.,AVEBURY 1086,?sarsen,,50051,complete,,,,,,3,95,0,,1,,,,0,0,0,0,0,8,,10.5,0,-2,7.5,0,0,0,13,,,,100,50,,,,0,0,0,12.5,,0,0,0,,,,,,,,,16,,,610
50059,97470,Camborne Museum,"1. poll edge very lightly ground in places.
2. blade hollow = 2mm. Caused by edge curving at ends, rather than continuous smooth curve.
3. 1205; Corn 253.",18.4.78,,Carn Brea,"77/234/A
1205",Tuff,,50059,complete,,,,,,,90,,,,,,,0,0,0,0,,,,,,,,,100,0,25,,,,100,40,,32,,,,,15.5,,,,,,,,,,,,,,,,355
50074,97473,Sheffield Museum,1. found 4 feet below the surface.,9.5.78,1880,Bigod St. Sheffield,J.1926.38,XV,,50074,complete,,,,,,,95,,,,,,,0,0,0,0,,,,,,,,,170,25,15,,,,170,25,,52,,,,,20,,,,,,,,,,,,,,,,995
50100,97475,Norwich C.M.,"1. S. 115
2. blade edge blunt, Poll edge looks hammered.",5.6.78,,"Normanston, Suffolk","21.09 NORMANSTON, SUFFOLK E.E. Montford
21.09 S. 115",dolerite,,50100,complete,,,,,,,100,,,,,,,0,0,0,0,,,,,,,,,100,10,14,,,,100,10,,23,,,,,15.5,,,,,,,,,,,,,,,,115
50104,97476,Oxford AM (1927.3495),1. right side edge has particularly distinct facet. Facet on poll edge has rounded corners.,23.6.78,,Duckland,HITCHIN. 1927 [?] 495,epidiorite,,50104,complete,,,,,,,80,,,,,,,0,0,0,0,,,,,,,,,95,35,5,,,,95,35,,23,,,,,5,,,,,,,,,,,,,,,,260
50128,97484,p.p. (drawn in Southamption Mus.),"1. black colours. Unsliced.
2. found on surface of railway embankment.
3. enquiry no. THM 168. In possession of Mr. R.W. Smith, Riverside, Caravan Park, Satchel Lane, Hamble.",27.7.78,,Hamble,[NONE],Shale?,,50128,complete,,,,,,,100,,,,,,,0,0,0,0,,,,,,,,,60,15,8.5,,,,60,15,,25,,,,,3.5,,,,,,,,,,,,,,,,105
50154,97488,BM,"1. not sliced. grey-green, hard. ? VII or XXI?
2. scars on side, ground all over.",19.10.78,,,"Kendrick's Cave Llandudno
1956 2-4 1",? tuff,,50154,complete,,,,,,,,,,,,,,0,0,0,0,,,,,,,,,,,,,,,,,,,,,,,,,,,,,,,,,,,,,,,80
50198,97489,BM,"1. not in Actkins & Jackson 1978
2. fully ground, no [...]
3. blade edge is round but flattened, mid wide. c. 0.75 mm. 
",30.10.78,,"Thames, Richmond","92 Thames WG
Richmond 92",siliview rock,,50198,complete,,,,,,,,,,,,,,0,0,0,0,,,,,,,,,,,,,,,,,,,,,,,,,,,,,,,,,,,,,,,270
50201,97492,B.M.,"1. about a third of original surface on back face weathered away, otherwise (apart from lightly crushed blade edge) complete.
2. ground surface quite hard & stable. Apparently shaped by flaking.
3. not sliced.",3.10.78,,,"KIRBY UNDERDALE E.R.Y. 4.[...]4
KIRBY UNDERDALE 1888[?]",? chalk,,50201,complete,,,,,,,,,,,,,,0,0,0,0,,,,,,,,,95,0,9,,,,95,60,,28,,,,,0,,,,,,,,,,,,,,,,210
50205,97496,B.M.,"1. Stanley 1976, p.7. Rock described. Gneiss or hornblende granite mottled eggshell blue & dark blue/black: distinctive colouring.
2. ground all over, no scars.",30.10.78,NFR (complete),,"Found at HARLINGTON co. Middx in January 1909, when excavating about 15 feet from present surface by John Wattsham[?] of Disley[...] near West Drayton and purchased by of him on 18th of the same month. R. Garraway Rice F.S.A.
THE ROCK IS ""HORNBLENDE GNEISS""",hornblende gneiss,,50205,610,,,,,,,,,,,,,,0,0,0,0,,,,,,,,,,,,,,,,,,,,,,,,,,,,,,,,,,,,,,,
50206,97497,B.M.,"1. damage scars repaired with plaster.
2. not sliced. Bright green stone with white quartz crystals & 2 quartz bands running from poll to blade, visible on both faces.",7.11.78,,,GRANTCHESTER CAMBS 242,banded greenstone,,50206,complete,,,,,,,85,,,,,,,0,0,0,0,,,,,,,,,145,5,7,,,,145,5,,32,,,,,4,,,,,,,,,,,,,,,,655
50207,97498,B.M.,"1. not sliced. 
2. rounded blade edge, formed by 2 sloping facets – Perhaps wear rather than grinding. The facets do not have the same brownish green stain of rest of celt.
3. Register entry: Jade axehead (W. Indies?) L. 3.33 edge worn found at Milton, Cambs. circa 1800 given to me by E. Baumington Esq. 1857 
Purchased from Mssrs Rollin or Fenardent (Bernhard Smith Sale at Sotheby's)
Bought with 5 other objects for E 22.16.3: 4 flint neo celts (London & Sunninghill Berks) & a scraper (Worthing).",5.10.78,c. 1800,,"MILTON CAMBS. 1800.
96 6 – 24 6
[illeg.] C. H. Read
",? VI or jade?,,50207,complete,,,,,,,180,,,,,,,0,0,0,0,,,,,,,,,75,5,6.5,,,,75,5,,24,,,,,4.5,,,,,,,,,,,,,,,,135
50208,97499,B.M.,"1. not sliced.
2. Purchased from W. J. Doherty Esq. 66 Parklands Maresfield, Uckfield. 'found at a considerable depth while laying drainage pipes.' 'Document' (presumably a letter) is referred to in register but could not be found.",7.11.78,,Pulborough,1959 2 – 11 1,,,50208,complete,,,,,,,,,,,,,,0,0,0,0,,,,,,,,,220,5,5,,,,220,5,,35,,,,,5,,,,,,,,,,,,,,,,960
50213,97500,AM,"1. dark grey green colour with white flecks – a little like VII, but flaking & grinding characteristics are more like flint. ?? VIII
2. fully ground. Small to large scars along side & on poll.",7.12.78,,,"1949. 133 Didcot
1918",VII,,50213,complete,,,,,,,,,,,,,,0,0,0,0,,,,,,,,,,,,,,,,,,,,,,,,,,,,,,,,,,,,,,,555
50224,97501,Bedford Museum,"1. blade edge battered
2. not sliced, but probably IX. I've suggested they send it for slicing.",21.3.78,,,"Ratharka Ireland
1070 *B.T.C. G/N 55
B.T.C. COLLECTION. G/N 55 1070",IX,,50224,complete,,,,,,,105,,,,,,,0,0,0,0,,,,,,,,,80,25,5,,,,80,25,,26,,,,,5.5,,,,,,,,,,,,,,,,190
59001,97505,Torquay Museum,"1. letter from Campbell Smith (dated 12.3.58) with celt: nephrite, but with qualifications – unusual colour (deep bluish grey-green) & unusually soft.
2. W. C. Smith 1963, PPS 29, no. 11. 1977 – 1
3. Devn 58: nephrite.",6.10.77,?,"Lower Down, Bovey Tracey","Celt made of fibrolite (Silliman-ite?) found at Lower Down, Bovery [sic] Tracey. Given by H.R. Watkin. Date c. 1930. Date of finding – unknown. Probably derived from northern France. Sliced: Stone Axe Committee (Bristol Museum) 3.1.1955. No 909. Report in file.",nephrite,,59001,complete,,,,,,0,70,0,,0,,,,0,0,0,0,0,0,,,,,,,175,25,1.5,,,,175,25,,,,,,,2,,,,,,,0,0,0,0,0,0,1.5,,,565
59002,97506,Truro Museum,"1. W. Campbell Smith 1963, PPS 29, no. 6. 1977-6.
2. Evans ASI, 1872(1sted.) p. 97: in Truro Museum.",7.10.77,,near Falmouth,[illegible] OUTH. CORNWALL,Jadeite,,59002,complete,,,,,,,55,0,,,,,,,,,,,,,,,,,,,0,0,,,,,10,,,,,,,1,,,,,,,,,,,,,0,,,280
60053,97559,Central Museum Northampton,"1. reflaking scars on blade (both faces) ground in.
2. poll edge formed by 2 (or one?) flake scars, points of percussion at left edge & back face, near left side. The highest part has been ground (probably removing ridge between the 2 scars).",23.3.78,,,"Found between Gretton & Kirby
BETWEEN GRETTON AND KIRBY ZL.13 Y.96
2.A. 212 ZL.13",VI,,60053,reworked fragment,,,,,,,180,,14,,19,59,,0,0,0,0,,,,,,,,,95,20,8.5,19,50,34,95,40,105,32,61,,,,17,8,,,,19,41,,,,,,,,,,310
60060,97565,Spalding Gentlemen's Society,"1. rounded facet on blade edge c. 1 mm across.
2. 816; Li. 389",10.4.78,,Dowsby Fen,"Celt (Borrowdale) Dowsby Fen
Holt [=donor]
8/6",VI medium,,60060,complete,,,,,,,6,,9,,12,44,,0,0,0,0,,,,,,,,,55,15,6,,28,9,55,20,70,17,44,,,,0.5,9,,,,10,25,,,,,,,,,,75
60068,97573,Shrewsbury Museum,1. Sh 45/c,27.4.78,1963,"Stocktongate, Chirbury",STOCKTON GATE,VI,,60068,complete,,,,,,,85,,12,,14,55,,0,0,0,0,,,,,,,,,105,15,6,,51,36,105,20,117,31,60,,,,0.5,4,,,,8,23,,,,,,,,,,285
60072,97577,Warwick Museum,"1. Shatton F.W. 1952. Proc. Coventry Nat. Hist & Scientific Soc. II. No. 6, 177-9. 'in the possession of a local family for about 60 years. With a piece of steel it had in the past been used as a ""strike-a-light"".' The celt bears no obvious evidence for this, except for slight wear & damage on poll, & a stain suggesting prolonged contact with an iron object on the front face.",28.4.78,,"Corley Moor, Fillongley","P24 [?]
11/1951 Corley Moor
Wa 17/c",VI,,60072,complete,,,,,,,85,,15,,15,46,,0,0,0,0,,,,,,,,,90,20,8,,44,15,90,20,113,24,46,,,,1,9,,,,11,29,,,,,,,,,,160
60073,97578,Warwick Museum,"1. found during North Sea Gas Pipe Line Survey.
2. BLACON = 2 mm.",28.9.78,,"Oldborough Farm, Loxley nr. parish bdig[...]","WA 29/c LOXLEY
A1106",VI,,60073,complete,,,,,,,85,,11,,12,48,,0,0,0,0,,,,,,,,,45,15,3,,30,11,45,15,74,23,48,,,,1,16,,,,16,33,,,,,,,,,,95
60116,97620,Bangor Museum,,22.5.78,1907,"Llanielian, Anglesey","LLANEILIAN 
8.07
2841
AN 35",VI,,60116,complete,,,,,,,85,,1.4,,1.3,5.7,,0,0,0,0,,,,,,,,,95,20,6,,4.9,1.4,95,20,11.9,27,5.7,,,,1.5,7,,,,1.1,2.3,,,,,,,,,,225
60178,97682,BM,"1. Adkins & Jackson no.81
2. fully ground. 2 moderate scars on front, 1 large on back. The stone is banded grey colour,  & the grinding runs into the scars in a way uncharacteristic of Langdale cells.",30.10.78,,,"WG93
Found Jan 1881 in the bed of the Thames in dredging opposite Sharpers island Hampton Court. When found it was thickly encrusted with calcareous matter, which was removed by the hand of Augustus W. [...], R.R.S. F.S.A. of British Antiquities in the [...]ish Museum  W.G.",VI,,60178,complete,,,,,,,,,12,,15,62,,0,0,0,0,,,,,,,,,,,,,57,31,,,146,28,65,,,,,8,,,,7,27,,,,,,,,,,335
60179,97683,BM,"1. Adkins & Jackson no. 282
2. ground all over. One or 2 small scars only. Poll looks damaged in antiquity.
3. distinct pecked zone across both faces look like hafting aid.",30.10.78,,,"Thames, Battersea
+5584
Thames - Battersea
WF 17-2-92
92+5584",VI,,60179,complete,,,,,,,,,18,,21,58,,0,0,0,0,,,,,,,,,,,,,57,42,,,124,33,60,,,,,8,,,,13,29,,,,,,,,,,345
60180,97684,BM,"1. fully ground, no scars
2. Adkins & Jackson no. 277",25.10.78,,"Thames, Greenwich (site of berth for NHS Fisgard)","R. Thames, Greenwich, Pres. by the Lords of the Admiralty, 28.11.1873
EN9.19",VI,,60180,complete,,,,,,,,,26,,28,73,,0,0,0,0,,,,,,,,,,,,,58,,,,154,36,,,,,,3,,,,7,22,,,,,,,,,,570
60187,97691,AM,"1. fully ground. Moderate scars along sides. Flat ground poll edge.
2. Cam. 30.",8.12.78,,"Isle of Ely, Cambs.",1943.51,VI,,60187,complete,,,,,,,,,,,,,,0,0,0,0,,,,,,,,,,,,,,,,,,,,,,,,,,,,,,,,,,,,,,,205
60189,97693,AM,"1. fully ground. Ground in scars around poll. Poll edge ground.
2. Cam 27.",8.12.78,,,"Bottisham, Lode, Cambridge 1892 [?]
1927.3372",VI,,60189,complete,,,,,,,,,,,,,,0,0,0,0,,,,,,,,,,,,,,,,,,,,,,,,,,,,,,,,,,,,,,,735
60190,97694,AM,"1. fully ground. Blade has ridges around it.
2. Berk 6; 217",8.12.78,,,"Sulton Courteway, 1918
1938.745.a.",VI,,60190,complete,,,,,,,,,,,,,,0,0,0,0,,,,,,,,,,,,,,,,,,,,,,,,,,,,,,,,,,,,,,,310
60214,97715,B.M.,"1. Db. 221
2. ground all over. Moderate scars along sides & in centre from c 5cm from blade edge to poll, some quite large.",7.11.78,,,MIDDLETON MOOR DERBYSHIRE 253,VI,,,complete,,,,,,,,,,,,,,0,0,0,0,,,,,,,,,,,,,,,,,,,,,,,,,,,,,,,,,,,,,,,235
60215,97716,B.M.,"1. Db. 224
2. Surface very weathered. No obviously original scars.",7.11.78,,,"MIDDLETON 436 MOOR
No 13 [illeg lable]",VI,,,complete,,,,,,,,,,,,,,0,0,0,0,,,,,,,,,,,,,,,,,,,,,,,,,,,,,,,,,,,,,,,55
60217,97718,Cambridge,"1. Cam. 109
2. fully ground. Small scars on sides.",30.11.78,,,"A. 1906. [sic] 147.
Coady Field Upper Hare Park Nr Newmarket, C. 1906 * C.A.S., 1906
1906.147 CAM 109 NEWMARKET",VI,,1,,,,,,,,,,,,,,,0,0,0,0,,,,,,,,,,,,,,,,,,,,,,,,,,,,,,,,,,,,,,,210
62004,97751,Cambridge M.A.E.,"1. poll edge formed by intersection of flake scar on back face & ground surface of front face. However, this, & most other scars on poll, seems to postdate grinding.
2. not sliced.",15.6.78,,"Straight Drove, Coveny Fen",72.89,? VI,,50101,complete,,,,,,,80,,,,,,,0,0,0,0,,,,,,,,,70,10,4,,,,90,30,,30,,,,,2,,,,,,,,,,,,,,,,260
62005,97752,Cambridge M.A.E.,1. not sliced,15.6.78,,Cambridge fens,"Z.23986
Cambridge Fens",? VI,,50102,complete,,,,,,,85,,,,,,,0,0,0,0,,,,,,,,,80,0,5,,,,80,25,,31,,,,,1,,,,,,,,,,,,,,,,285
62008,97755,"Castle Museum, Colchester","1. Unsliced, but looks like VI",9.2.78,1968,"Hilly Fields, Sheepen, Colchester",99.1969 Hilly Fields,? VI,,50115,complete,,,,,,,85,,,,,,,0,0,0,0,,,,,,,,,90,5,9.5,,,,90,25,,29,,,,,6,,,,,,,,,,,,,,,,200
,97758,,,13.7.78,,,"20
Cumberland
62' 70
62' 70",?VI,,50121,,,,,,,,,,,,,,,,,,,,,,,,,,,,,,,,,,,,54,,,,,,,,,,,,,,,,,,,,,
62013,97761,Walden Mus.,"1. not sliced
2.  poll damaged in antiquity, + damage scar partly ground out. Measurements for poll assume pre-damage state.",28.9.78,1945,"Place Fin, Elsenham","L. 2076
4 - 5 1/2
L 2076
Elsenham",?VI,,50150,complete,,,,,,,110,,,,,,,0,0,0,0,,,,,,,,,240,25,9,,,,240,25,,58,,,,,1.5,,,,,,,,,,,,,,,,1975
62014,97762,B.M.,"1. Not sliced
2. Ground all over - no scars
3. Blade edge rounded, but could be post-depositional wear?
4. Dug up in a field when building a fence",19.10.78,c.1850,Cerrig [Deo Dwddy] Llangwyllog,"70
7-6
5",? VI,,50152,complete,,,,,,,,,,,,,,0,0,0,0,,,,,,,,,,,,,,,,,,,,,,,,,,,,,,,,,,,,,,,220
62018,97765,B.M.,1. Not sliced.,05.10.78,,,"Bottisham Lode
Cambs 244
Bottisham
lod
May 1867 {?}",? VI,,50157,complete,,,,,,,85,,,,,,,0,0,0,0,,,,,,,,,85,10,5,,,,85,15,,29,,,,,2,,,,,,,,,,,,,,,,210
62019,97766,B.M.,"1. Not sliced
2. Distinct flat ground facet on blade edge at centre, c 25mm long. max width 0.5mm",05.10.78,,,"Dredged from the
Cam, near Searle's
boathouse
1873",? VI,,50158,complete,,,,,,,180,,,,,,,0,0,0,0,,,,,,,,,130,20,7,,,,130,20,,35,,,,,3,,,,,,,,,,,,,,,,485
62023,97770,B.M.,"1. Not sliced.
2. Hafting stain on front face very distinct at lower boundary, darker below, lighter above. Upper edge is vague, as stone is stained light up to poll edge. Nothing on back face.",24.10.78,,,"62
Holme on Spalding Moor, Yorks
Holme on Spalding Moor 120 E.R.Y.",? VI,,50162,complete,,,,,,,,,,,,,,0,0,0,0,,,,,,,,,150,,6,,,,150,,,,,,,,,,,,,,,,,,,,,,,,510
62030,97777,B.M.,1. not sliced.,4.10.78,,,"Found near Huggate, on a farm called Keaser[?] –
NEAR HUGGATE E.R. YORKS",?VI,,50169,complete,,,,,,,90,,,,,,,0,0,0,0,,,,,,,,,85,20,8,,,,85,20,,27,,,,,1,,,,,,,,,,,,,,,,190
62040,97786,B.M.,"1. not sliced.
2. blade edge recently worn.
3. vague indications of a hafting stain on front face between 5 & 11 cm from blade edge, but difficult to be objective about this.",12.10.78,1869,,Found in draining Gibb Tarn at about 7 feet below the surface MDCCCLXIX,? VI,,50179,complete,,,,,,,,,,,,,,0,0,0,0,,,,,,,,,135,40,7.5,,,,135,40,,38,,,,,2,,,,,,,,,,,,,,,,510
62044,97788,B.M.,"1. not sliced. 
2. fairly distinct poll edge facet.
3. heavy patina.
4. no scars on back face.",12.10.78,,,"LEATHES NR PENRITH
399",? VI,,50183,complete,,,,,,,90,,,,,,,0,0,0,0,,,,,,,,,110,35,2,,,,110,35,,36,,,,,6,,,,,,,,,,,,,,,,455
62048,97790,B.M.,1. not sliced,12.10.78,,,"St 104 .R. Crosthwaite's Museum Sept 1870
WANTHWAITE. ST JOHN'S VALE. CUMBERLAND",? VI,,50187,complete,,,,,,,90,,,,,,,0,0,0,0,,,,,,,,,75,35,3,,,,75,40,,28,,,,,0.5,,,,,,,,,,,,,,,,250
62053,97795,B.M.,"1. not sliced
2. very distinct handle stain. The wood has protected the underlying stone from the excessive weathering which has affected the rest of the celt. Where the handle was, the stone is smooth and coloured pale creamy blue. Elsewhere the stone feels like chalk to touch & is a rusty buff colour.
3. Proc. Soc. Ant. 4, 112",13.10.78,,Solway Moss,11 57/1 11,?VI,,50192,complete,,,,,,,,,,,,,,0,0,0,0,,,,,,,,,225,25,8,,,,225,25,,36,,,,,3,,,,,,,,,,,,,,,,610
62054,97796,B.M.,"1. not sliced
2. a very fine piece.
3. pattern of iron-staining & patination on back face strongly suggest folds of fabric or leather, the stone unstained where the material was in contact with the stone. There is also variegated staining on front face, but this is not so suggestive.
4. ""found by Richard Smith in a turf pit on windy Harbour farm nr. Pendle, Lancashire.""",13.10.78,c. 1860,,"PENDLE, LANCASHIRE.
1865 10-24 1",?VI,,50193,,,,,,,,70,,,,,,,0,0,0,0,,,,,,,,,230,25,7,,,,230,25,,28,,,,,2,,,,,,,,,,,,,,,,480
62055,97797,B.M.,"1. not sliced.
2. ground all over. One small scar on front, 1 moderate on back.
3. distinct hafting stain on front face : creamy colour, opposed to dark green below stain. It appears to continue to poll, & back face is stained more or less all over.",31.10.78,,,"24
LITTLE HOUGHTON NORTHUMBERLAND",?VI,,50194,complete,,,,,,,,,,,,,,0,0,0,0,,,,,,,,,120,,5,,,,120,,,,,,,,,,,,,,,,,,,,,,,,375
62064,97806,Wisbech & Fenland Museum ( A. 1961),"1. Blade edge moderately fresh, no scarring.",14.04.78,,"Well Fen Farm, Christchurch",None,? VI,,50226,complete,,,,,,,85,,,,,,,0,0,0,0,,,,,,,,,75,0,6,,,,75,20,,28,,,,,0,,,,,,,,,,,,,,,,175
62065,97807,Wisbech & Fenland Museum,1. Distinct facet (with rounded edges) on poll edge.,14.04.78,,,"Sears Fodder Fen, MANEA
S/F.F./L.H.  W. Miller",? VI,,50227,complete,,,,,,,95,,,,,,,0,0,0,0,,,,,,,,,70,15,6,,,,70,20,,25,,,,,2,,,,,,,,,,,,,,,,155
62066,97808,Wisbech & Fenland Museum,"1. Blade edge moderately sharp, v. few scars",14.04.78,,,"J.G. Stonea  F. Haylock 1923
Grays Farm Stonea",? VI,,50228,complete,,,,,,,80,,,,,,,0,0,0,0,,,,,,,,,110,5,8.5,,,,110,5,,30,,,,,0,,,,,,,,,,,,,,,,320
62079,97821,Sheffield Museum,"1. poll edge = flake scar, only lightly ground.",9.5.78,1851,"Pike Hall, Elton Moor",J. 93. 84,?,,62079,complete,,,,,,,90,,,,,,,0,0,0,0,,,,,,,,,40,15,5,,,,80,15,,24,,,,,6,,,,,,,,,,,,,,,,100
70017,97839,Ludlow Museum,,26.4.78,,,He 4/c 171 MOCKTREE Herefordshire,VII,,70017,complete,,,,,,,90,,,,,,,0,0,0,0,,,,,,,,,120,0,8.5,,,,120,15,,32,,,,,1,,,,,,,,,,,,,,,,360
70032,97854,Sheffield Museum,"1. upper half of left side edge only lightly ground over pecked surface; pecked surface shows through in similar way on right edge, but grinding is more intense.",9.5.78,1935,"Raisen Hall, Sheffield","NEAR RAISEN HALL NORWOOD LANE. SHEFFIELD 1935 425 FT. O.D
J 1959. 6/c/17",VII,,70032,complete,,,,,,,90,,,,,,,0,0,0,0,,,,,,,,,150,0,11,,,,170,30,,44,,,,,3.5,,,,,,,,,,,,,,,,870
70035,97857,Bangor Museum,"1. blade edge fairly fresh & sharp.
2. A. Camb. 1938, 139 fig.
3. found when ploughing",22.5.78,,"Caer Carreg Wen, Anglesey",AN 33 2039,VII,,70035,complete,,,,,,,90,,,,,,,0,0,0,0,,,,,,,,,140,40,2.5,,,,140,40,,35,,,,,3.5,,,,,,,,,,,,,,,,570
70036,97858,Bangor Museum,"1. Arch. J. 31, 301; A. Camb 1874, 15.
fig. 
= Tylyr Flynon",22.5.78,1840,"Ffynnon Tudor, Bwlch, Anglesey","39 - 579/5
AN 39",VII,,70036,complete,,,,,,,95,,,,,,,0,0,0,0,,,,,,,,,140,50,6,,,,140,50,,42,,,,,2.5,,,,,,,,,,,,,,,,880
70045,97867,Birmingham Mus.,1. Wo 22/c,13.7.78,,"Piddle Brook, Wyre Piddle","Wo 22/c 990'69 
WYRE PI",VII,,70095,complete,,,,,,,90,,,,,,,0,0,0,0,,,,,,,,,130,35,5.5,,,,130,45,,45,,,,,4,,,,,,,,,,,,,,,,625
70062,97884,BM,"1. Adkins & Jackson no. 270.
2. fully ground. Only 6 small scar hollows over whole of surface
3. Distinct hafting stain. On front face, where both edges clear, stone is slightly lighter coloured ; on back, only top edge is distinct. On both faces, but especially on back, there is white encrustation above stain.",30.10.78,,,"61 6-20 2
THAMES
BATTERSEA",VII,,70062,complete,,,,,,,,,,,,,,0,0,0,0,,,,,,,,,,,,,,,,,,,,,,,,,,,,,,,,,,,,,,,865
70063,97885,B.M.,"1. Atkins & Jackson No. 319
2. Fully ground. Hollows of 7 few moderate to small scars visible. On front face, large scar struck from centre poll edge looks like ancient damage.
",30.10.78,,,"75 9Z34
Thames near Battersea March 1865 (W.S.S.)",VII,,70063,complete,,,,,,,,,,,,,,0,0,0,0,,,,,,,,,,,,,,,,,,,,,,,,,,,,,,,,,,,,,,,690
70065,97887,B.M.,"1. Not in Atkins & Jackson 1978
2. Fully ground.Small to moderate scars along sides.
3. Poll edge is single scar facet ground in around edges. Direction of blow not very clear.",30.10.78,,Hampton Wick,"Hampton Wick
1937   1-4   1",VII,,70065,complete,,,,,,,,,18,,18,49,,0,0,0,0,,,,,,,,,,,,,68,,,,141,31,,,,,,5,,,,14,31,,,,,,,,,,290
71007,97905,B.M.,"1. not sliced. Stained a deep green, which makes the stone look rather Cornish. But shape & scarring characteristics are undoubtedly VII.
2. Adkins & Jackson 1978, no. 274. (Front face, ? right side)",5.10.78,,"Thames, Taplow Mills","THAMES TAPLOW MILLS 1885.
94 12-10 34",? VII,,50196,complete,,,,,,,100,,,,,,,0,0,0,0,,,,,,,,,125,30,6.5,,,,125,45,,39,,,,,1.5,,,,,,,,,,,,,,,,715
80008,97914,"Carmarthen Co. Museum, Abergwili","1. sliced. CAR 25: banded crystal tuff, Group VIII a
2. finely flaked to give even surface, no grinding.
3. T. Carm. Aut. XII (1917) p. vii. Wheeler Preh & Ro Wales, pp 56-7. CCH p. 40 fig.6.",25.8.77,1917,Llandeilo Fawr,"A76.2050 LLANDEILO FAWR. CAR 25
006",Group VIII a,,80008,complete,,,,,,0,70,150,,0,,,,0,0,0,0,0,10,0,0,0,0,0,0,0,0,20,,,,240,15,,51,,0,0,0,5,,0,0,0,,,0,0,0,0,0,0,20,,,1255
81017,97947,NMW Cardiff,"1. Ca. 14. 'Superficial resemblances to Group VIII, but probably quite different' (Shotton)
2. found in a field ne of Penbryn Church.
3",8.8.78,,"Troedyrhiw Fm, Penbryn","53.378
53.378",v. fine rhyolite or welded tuff,,50131,complete,,,,,,,85,,,,,,,0,0,0,0,,,,,,,,,125,10,4.5,,,,125,10,,31,,,,,1,,,,,,,,,,,,,,,,325
